Fecha;Datos Reales;Predicciones
08/06/2015 1:50;23238;22879,822
08/06/2015 2:00;22817;22814,832
08/06/2015 2:10;22791;22459,412
08/06/2015 2:20;22696;22356,934
08/06/2015 2:30;22741;22306,123
08/06/2015 2:40;22687;22354,668
08/06/2015 2:50;22717;22322,139
08/06/2015 3:00;21977;22321,334
08/06/2015 3:10;21814;21664,934
08/06/2015 3:20;22221;21374,594
08/06/2015 3:30;22209;21833,95
08/06/2015 3:40;22072;22055,139
08/06/2015 3:50;22129;21937,205
08/06/2015 4:00;22065;21890,844
08/06/2015 4:10;22142;21808,566
08/06/2015 4:20;21950;21847,57
08/06/2015 4:30;21959;21706,973
08/06/2015 4:40;22069;21685,584
08/06/2015 4:50;21916;21820,973
08/06/2015 5:00;21945;21751,312
08/06/2015 5:10;22338;21750,145
08/06/2015 5:20;22147;22103,926
08/06/2015 5:30;22483;22027,01
08/06/2015 5:40;22350;22230,055
08/06/2015 5:50;22587;22154,281
08/06/2015 6:00;22898;22301,219
08/06/2015 6:10;23778;22623,834
08/06/2015 6:20;24175;23498,178
08/06/2015 6:30;24428;24058,936
08/06/2015 6:40;24572;24342,043
08/06/2015 6:50;24915;24451,922
08/06/2015 7:00;24884;24750,084
08/06/2015 7:10;26247;24782,008
08/06/2015 7:20;26545;26174,727
08/06/2015 7:30;27281;26733,105
08/06/2015 7:40;27851;27480,854
08/06/2015 7:50;28070;28103,227
08/06/2015 8:00;28338;28331,467
08/06/2015 8:10;29326;28526,36
08/06/2015 8:20;29703;29528,07
08/06/2015 8:30;29930;29887,355
08/06/2015 8:40;30363;30015,158
08/06/2015 8:50;30376;30355,586
08/06/2015 9:00;30660;30214,594
08/06/2015 9:10;31011;30424,545
08/06/2015 9:20;31331;30730,914
08/06/2015 9:30;31383;30982,502
08/06/2015 9:40;31763;30927,646
08/06/2015 9:50;31901;31268,078
08/06/2015 10:00;32201;31281,514
08/06/2015 10:10;32219;31525,95
08/06/2015 10:20;32492;31432,791
08/06/2015 10:30;33053;31689,662
08/06/2015 10:40;32989;32237
08/06/2015 10:50;33167;32035,24
08/06/2015 11:00;33257;32241,096
08/06/2015 11:10;33260;32240,932
08/06/2015 11:20;33438;32172,38
08/06/2015 11:30;33501;32368,248
08/06/2015 11:40;33636;32377,725
08/06/2015 11:50;33917;32523,994
08/06/2015 12:00;33997;32802,22
08/06/2015 12:10;34080;32805,66
08/06/2015 12:20;34287;32877,914
08/06/2015 12:30;34218;33051,95
08/06/2015 12:40;34417;32886
08/06/2015 12:50;34682;33126,95
08/06/2015 13:00;34316;33337,926
08/06/2015 13:10;34426;32861,348
08/06/2015 13:20;34494;33114,086
08/06/2015 13:30;34707;33068,848
08/06/2015 13:40;34615;33300,38
08/06/2015 13:50;34489;33154,273
08/06/2015 14:00;34017;33032,33
08/06/2015 14:10;33719;32445,906
08/06/2015 14:20;33699;32165,445
08/06/2015 14:30;33693;32226,924
08/06/2015 14:40;33636;32263,941
08/06/2015 14:50;33328;32255,822
08/06/2015 15:00;33113;31902,145
08/06/2015 15:10;33081;31695,19
08/06/2015 15:20;33199;31671,514
08/06/2015 15:30;33273;31816,31
08/06/2015 15:40;33144;31907,445
08/06/2015 15:50;33262;31775,664
08/06/2015 16:00;32931;31964,002
08/06/2015 16:10;32850;31548,668
08/06/2015 16:20;33290;31543,39
08/06/2015 16:30;33028;32115,184
08/06/2015 16:40;33280;31753,262
08/06/2015 16:50;33325;32182,92
08/06/2015 17:00;32964;32185,502
08/06/2015 17:10;33290;31774,35
08/06/2015 17:20;33273;32236,488
08/06/2015 17:30;33428;32116,97
08/06/2015 17:40;33386;32345,451
08/06/2015 17:50;33388;32288,277
08/06/2015 18:00;33076;32298,146
08/06/2015 18:10;32866;31913,977
08/06/2015 18:20;32933;31702,938
08/06/2015 18:30;32551;31833,66
08/06/2015 18:40;32639;31360,88
08/06/2015 18:50;32617;31619,215
08/06/2015 19:00;32374;31574,2
08/06/2015 19:10;32140;31283,973
08/06/2015 19:20;32468;31046,865
08/06/2015 19:30;32202;31471,447
08/06/2015 19:40;32256;31089,393
08/06/2015 19:50;32287;31230,61
08/06/2015 20:00;31982;31266,701
08/06/2015 20:10;31786;30900,998
08/06/2015 20:20;31876;30736,045
08/06/2015 20:30;31721;30911,992
08/06/2015 20:40;31864;30750,816
08/06/2015 20:50;31768;30999,863
08/06/2015 21:00;31916;30890,107
08/06/2015 21:10;31687;31084,354
08/06/2015 21:20;31878;30796,44
08/06/2015 21:30;31600;31045,824
08/06/2015 21:40;32067;30693,23
08/06/2015 21:50;32227;31301,025
08/06/2015 22:00;32195;31436,107
08/06/2015 22:10;31931;31401,148
08/06/2015 22:20;31483;31092,406
08/06/2015 22:30;31141;30531,5
08/06/2015 22:40;31041;30166,213
08/06/2015 22:50;30531;30211,88
08/06/2015 23:00;30050;29735,422
08/06/2015 23:10;29379;29333,48
08/06/2015 23:20;29006;28681,06
08/06/2015 23:30;28629;28387,627
08/06/2015 23:40;28128;28074,623
08/06/2015 23:50;27745;27572,71
09/06/2015 0:00;27396;27182,816
09/06/2015 0:10;27454;26838,736
09/06/2015 0:20;27234;26928,94
09/06/2015 0:30;26709;26734,389
09/06/2015 0:40;26702;26143,492
09/06/2015 0:50;26141;26085,406
09/06/2015 1:00;26022;25575,926
09/06/2015 1:10;25833;25460,08
09/06/2015 1:20;25533;25379,99
09/06/2015 1:30;25381;25137,441
09/06/2015 1:40;25103;24991,45
09/06/2015 1:50;25091;24730,328
09/06/2015 2:00;24733;24696,252
09/06/2015 2:10;24572;24361,219
09/06/2015 2:20;24254;24143,445
09/06/2015 2:30;24177;23839,754
09/06/2015 2:40;24057;23760,062
09/06/2015 2:50;24028;23694,88
09/06/2015 3:00;23915;23678,842
09/06/2015 3:10;23627;23569,9
09/06/2015 3:20;23602;23259,55
09/06/2015 3:30;23555;23175,693
09/06/2015 3:40;23762;23165,2
09/06/2015 3:50;23837;23387,887
09/06/2015 4:00;23681;23512,16
09/06/2015 4:10;23570;23349,277
09/06/2015 4:20;23665;23166,979
09/06/2015 4:30;23861;23231,307
09/06/2015 4:40;24129;23475,986
09/06/2015 4:50;23950;23796,926
09/06/2015 5:00;23775;23660,953
09/06/2015 5:10;23674;23401,508
09/06/2015 5:20;24013;23251,674
09/06/2015 5:30;23951;23607,05
09/06/2015 5:40;24107;23668,01
09/06/2015 5:50;24348;23792,314
09/06/2015 6:00;24336;24020,352
09/06/2015 6:10;25076;24014,607
09/06/2015 6:20;25532;24688,621
09/06/2015 6:30;25333;25267,238
09/06/2015 6:40;25758;25120,7
09/06/2015 6:50;26012;25435,568
09/06/2015 7:00;25908;25760,037
09/06/2015 7:10;26986;25713,5
09/06/2015 7:20;27426;26846,295
09/06/2015 7:30;27786;27473,209
09/06/2015 7:40;28194;27866,531
09/06/2015 7:50;28832;28271,746
09/06/2015 8:00;28811;28919,223
09/06/2015 8:10;29661;28872,59
09/06/2015 8:20;30283;29707,086
09/06/2015 8:30;30199;30323,951
09/06/2015 8:40;30803;30122,209
09/06/2015 8:50;30802;30672,62
09/06/2015 9:00;30700;30517,574
09/06/2015 9:10;31161;30283,465
09/06/2015 9:20;31677;30802,002
09/06/2015 9:30;31649;31293,402
09/06/2015 9:40;31971;31136,873
09/06/2015 9:50;31911;31435,559
09/06/2015 10:00;32182;31216,307
09/06/2015 10:10;32490;31446,69
09/06/2015 10:20;32588;31698,004
09/06/2015 10:30;32665;31717,676
09/06/2015 10:40;32901;31770,97
09/06/2015 10:50;33036;31992,818
09/06/2015 11:00;32912;32062,12
09/06/2015 11:10;33278;31869,951
09/06/2015 11:20;33320;32305,324
09/06/2015 11:30;33332;32227,857
09/06/2015 11:40;33636;32237,297
09/06/2015 11:50;33424;32571,766
09/06/2015 12:00;33596;32212,377
09/06/2015 12:10;33750;32469,45
09/06/2015 12:20;33945;32561,844
09/06/2015 12:30;34019;32741,088
09/06/2015 12:40;34008;32793,78
09/06/2015 12:50;34181;32754,156
09/06/2015 13:00;34083;32929,95
09/06/2015 13:10;34204;32738,738
09/06/2015 13:20;34396;32906,293
09/06/2015 13:30;34271;33069,637
09/06/2015 13:40;34204;32878,66
09/06/2015 13:50;33990;32852,926
09/06/2015 14:00;33642;32567,096
09/06/2015 14:10;33681;32165,701
09/06/2015 14:20;33414;32329,67
09/06/2015 14:30;33419;31977,05
09/06/2015 14:40;33008;32119,174
09/06/2015 14:50;32954;31610,426
09/06/2015 15:00;32762;31658,236
09/06/2015 15:10;32833;31421,752
09/06/2015 15:20;32884;31562,846
09/06/2015 15:30;32728;31623,934
09/06/2015 15:40;32815;31444,271
09/06/2015 15:50;32665;31595,23
09/06/2015 16:00;32723;31400,908
09/06/2015 16:10;32969;31523,35
09/06/2015 16:20;32858;31831,375
09/06/2015 16:30;33154;31693,512
09/06/2015 16:40;33107;32103,453
09/06/2015 16:50;32941;32007,535
09/06/2015 17:00;32624;31843,807
09/06/2015 17:10;32737;31484,2
09/06/2015 17:20;32889;31679,19
09/06/2015 17:30;32811;31865,191
09/06/2015 17:40;32802;31786,922
09/06/2015 17:50;32645;31823,562
09/06/2015 18:00;32567;31618,668
09/06/2015 18:10;32565;31527,785
09/06/2015 18:20;32411;31526,047
09/06/2015 18:30;32225;31341,107
09/06/2015 18:40;32500;31166,582
09/06/2015 18:50;32221;31561,705
09/06/2015 19:00;31966;31182,701
09/06/2015 19:10;31846;30945,16
09/06/2015 19:20;31920;30847,434
09/06/2015 19:30;31511;30966,822
09/06/2015 19:40;31531;30492,725
09/06/2015 19:50;31681;30624,51
09/06/2015 20:00;31610;30834,303
09/06/2015 20:10;31795;30746,242
09/06/2015 20:20;31840;30989,494
09/06/2015 20:30;31414;31016,205
09/06/2015 20:40;31349;30501,48
09/06/2015 20:50;31365;30458,285
09/06/2015 21:00;31433;30511,074
09/06/2015 21:10;31662;30648,178
09/06/2015 21:20;31724;30966,176
09/06/2015 21:30;31763;31024,365
09/06/2015 21:40;31756;31055,438
09/06/2015 21:50;32178;31015,953
09/06/2015 22:00;32040;31467,398
09/06/2015 22:10;31726;31242,76
09/06/2015 22:20;31546;30873,643
09/06/2015 22:30;30901;30682,215
09/06/2015 22:40;30447;29918,922
09/06/2015 22:50;30263;29579,002
09/06/2015 23:00;29479;29637,299
09/06/2015 23:10;29033;28853,812
09/06/2015 23:20;28686;28487,771
09/06/2015 23:30;28415;28199,691
09/06/2015 23:40;28099;27925,473
09/06/2015 23:50;27476;27568,215
10/06/2015 0:00;27262;26861,582
10/06/2015 0:10;27347;26611,18
10/06/2015 0:20;27091;26779,82
10/06/2015 0:30;26864;26578,682
10/06/2015 0:40;26573;26319,465
10/06/2015 0:50;26338;26005,215
10/06/2015 1:00;26132;25768,393
10/06/2015 1:10;25816;25603,568
10/06/2015 1:20;25437;25340,982
10/06/2015 1:30;25441;24997,67
10/06/2015 1:40;24965;25041,688
10/06/2015 1:50;25271;24648,912
10/06/2015 2:00;24936;24900,832
10/06/2015 2:10;24584;24636,37
10/06/2015 2:20;24228;24181,637
10/06/2015 2:30;24153;23754,332
10/06/2015 2:40;24002;23681,873
10/06/2015 2:50;24053;23629,795
10/06/2015 3:00;24053;23714,139
10/06/2015 3:10;23921;23736,19
10/06/2015 3:20;24043;23576,066
10/06/2015 3:30;23742;23619,908
10/06/2015 3:40;23857;23335,594
10/06/2015 3:50;23611;23372,041
10/06/2015 4:00;23609;23193,475
10/06/2015 4:10;23976;23178,457
10/06/2015 4:20;23642;23579,203
10/06/2015 4:30;23827;23360,307
10/06/2015 4:40;23986;23431,947
10/06/2015 4:50;23778;23609,875
10/06/2015 5:00;23488;23433,28
10/06/2015 5:10;23958;23087,133
10/06/2015 5:20;23634;23494,037
10/06/2015 5:30;24169;23339,71
10/06/2015 5:40;24318;23783,451
10/06/2015 5:50;24259;24024,922
10/06/2015 6:00;24352;23947,604
10/06/2015 6:10;25029;23955,67
10/06/2015 6:20;25506;24614,95
10/06/2015 6:30;25498;25229,723
10/06/2015 6:40;25795;25289,47
10/06/2015 6:50;25827;25525,521
10/06/2015 7:00;26203;25581,979
10/06/2015 7:10;27443;25986,498
10/06/2015 7:20;27940;27368,057
10/06/2015 7:30;28109;28042,346
10/06/2015 7:40;28716;28251,076
10/06/2015 7:50;28939;28820,127
10/06/2015 8:00;29314;29023,744
10/06/2015 8:10;30037;29345,371
10/06/2015 8:20;30614;30083,63
10/06/2015 8:30;30803;30627,094
10/06/2015 8:40;30957;30705,906
10/06/2015 8:50;31030;30730,2
10/06/2015 9:00;30725;30655,441
10/06/2015 9:10;31403;30177,387
10/06/2015 9:20;31686;31023,807
10/06/2015 9:30;31841;31235,637
10/06/2015 9:40;32010;31325,527
10/06/2015 9:50;32204;31426,629
10/06/2015 10:00;32379;31512,162
10/06/2015 10:10;32493;31586,04
10/06/2015 10:20;32841;31615,271
10/06/2015 10:30;32975;31954,584
10/06/2015 10:40;33145;32014,418
10/06/2015 10:50;33221;32176,12
10/06/2015 11:00;33142;32206,271
10/06/2015 11:10;33242;32061,377
10/06/2015 11:20;33354;32170,475
10/06/2015 11:30;33569;32249,066
10/06/2015 11:40;33770;32473,008
10/06/2015 11:50;33958;32653,572
10/06/2015 12:00;33599;32812,816
10/06/2015 12:10;33738;32341,754
10/06/2015 12:20;34206;32549,549
10/06/2015 12:30;33997;32979,25
10/06/2015 12:40;34056;32627,055
10/06/2015 12:50;34435;32817,22
10/06/2015 13:00;34140;33174,55
10/06/2015 13:10;34216;32722,352
10/06/2015 13:20;34572;32927,082
10/06/2015 13:30;33976;33236,1
10/06/2015 13:40;34060;32431,393
10/06/2015 13:50;34047;32754,39
10/06/2015 14:00;33846;32610,355
10/06/2015 14:10;33400;32384,738
10/06/2015 14:20;33437;31937,84
10/06/2015 14:30;33023;32104,883
10/06/2015 14:40;32878;31561,572
10/06/2015 14:50;32929;31548,385
10/06/2015 15:00;32633;31668,428
10/06/2015 15:10;32700;31294,781
10/06/2015 15:20;32531;31473,035
10/06/2015 15:30;32311;31246,082
10/06/2015 15:40;32434;31022,256
10/06/2015 15:50;32366;31240,69
10/06/2015 16:00;32275;31161,531
10/06/2015 16:10;32541;31117,834
10/06/2015 16:20;32778;31491,09
10/06/2015 16:30;32634;31746,787
10/06/2015 16:40;32698;31592,828
10/06/2015 16:50;32256;31709,586
10/06/2015 17:00;32479;31152,2
10/06/2015 17:10;32783;31498,27
10/06/2015 17:20;32718;31846,84
10/06/2015 17:30;32603;31759,268
10/06/2015 17:40;32835;31680,871
10/06/2015 17:50;32818;31948,54
10/06/2015 18:00;32436;31852,773
10/06/2015 18:10;32444;31397,041
10/06/2015 18:20;32082;31461,172
10/06/2015 18:30;32247;30997,512
10/06/2015 18:40;32471;31329,64
10/06/2015 18:50;32169;31604,64
10/06/2015 19:00;31673;31212,756
10/06/2015 19:10;31766;30658,635
10/06/2015 19:20;31718;30827,379
10/06/2015 19:30;31694;30750,002
10/06/2015 19:40;31752;30772,4
10/06/2015 19:50;31512;30886,72
10/06/2015 20:00;31547;30600,297
10/06/2015 20:10;31450;30678,463
10/06/2015 20:20;31472;30562,816
10/06/2015 20:30;31497;30616,12
10/06/2015 20:40;31232;30670,592
10/06/2015 20:50;31328;30372,236
10/06/2015 21:00;31251;30540,887
10/06/2015 21:10;31387;30461,83
10/06/2015 21:20;31294;30653,594
10/06/2015 21:30;31386;30548,58
10/06/2015 21:40;31616;30670,11
10/06/2015 21:50;31931;30929,047
10/06/2015 22:00;31798;31259,92
10/06/2015 22:10;31508;31077,902
10/06/2015 22:20;30877;30724,197
10/06/2015 22:30;30431;29932,254
10/06/2015 22:40;30373;29490,867
10/06/2015 22:50;29934;29706,865
10/06/2015 23:00;29570;29373,092
10/06/2015 23:10;29211;29073,207
10/06/2015 23:20;28867;28708,63
10/06/2015 23:30;28204;28315,537
10/06/2015 23:40;27783;27566,145
10/06/2015 23:50;27323;27126,014
11/06/2015 0:00;27101;26730,523
11/06/2015 0:10;27564;26601,04
11/06/2015 0:20;27141;27185,742
11/06/2015 0:30;27170;26789,74
11/06/2015 0:40;26590;26684,955
11/06/2015 0:50;26364;26034,266
11/06/2015 1:00;25748;25709,121
11/06/2015 1:10;25768;25147,627
11/06/2015 1:20;25565;25277,691
11/06/2015 1:30;25153;25282,395
11/06/2015 1:40;24768;24918,365
11/06/2015 1:50;24977;24488,62
11/06/2015 2:00;24889;24652,31
11/06/2015 2:10;24740;24615,959
11/06/2015 2:20;24477;24396,254
11/06/2015 2:30;24258;24043,184
11/06/2015 2:40;24094;23752,438
11/06/2015 2:50;24257;23591,17
11/06/2015 3:00;24173;23798,947
11/06/2015 3:10;23900;23812,531
11/06/2015 3:20;23947;23532,893
11/06/2015 3:30;24077;23508,77
11/06/2015 3:40;23882;23662,928
11/06/2015 3:50;23876;23511,95
11/06/2015 4:00;23609;23450,385
11/06/2015 4:10;23960;23198,258
11/06/2015 4:20;23843;23505,453
11/06/2015 4:30;23710;23506,291
11/06/2015 4:40;23707;23346,97
11/06/2015 4:50;23899;23300,625
11/06/2015 5:00;23862;23496,893
11/06/2015 5:10;23833;23514,059
11/06/2015 5:20;24014;23462,387
11/06/2015 5:30;24028;23612,406
11/06/2015 5:40;23918;23659,248
11/06/2015 5:50;24318;23541,906
11/06/2015 6:00;24104;23895,115
11/06/2015 6:10;24932;23776,744
11/06/2015 6:20;25392;24520,76
11/06/2015 6:30;25183;25130,426
11/06/2015 6:40;25309;24972,69
11/06/2015 6:50;25820;24966,908
11/06/2015 7:00;26136;25483,355
11/06/2015 7:10;26602;25928,422
11/06/2015 7:20;27417;26468,65
11/06/2015 7:30;27923;27368,973
11/06/2015 7:40;28451;27982,295
11/06/2015 7:50;28989;28556,734
11/06/2015 8:00;28676;29115,768
11/06/2015 8:10;29787;28726,664
11/06/2015 8:20;30026;29835,188
11/06/2015 8:30;30232;30052,855
11/06/2015 8:40;30680;30180,045
11/06/2015 8:50;30886;30584,756
11/06/2015 9:00;30749;30672,295
11/06/2015 9:10;31235;30380,66
11/06/2015 9:20;31637;30874,506
11/06/2015 9:30;31369;31202,63
11/06/2015 9:40;31902;30774,367
11/06/2015 9:50;32087;31369,129
11/06/2015 10:00;32030;31420,021
11/06/2015 10:10;32228;31264,264
11/06/2015 10:20;32584;31457,81
11/06/2015 10:30;32474;31773,744
11/06/2015 10:40;32834;31546,748
11/06/2015 10:50;33063;31976,758
11/06/2015 11:00;32795;32122,52
11/06/2015 11:10;32855;31742,883
11/06/2015 11:20;32960;31847,008
11/06/2015 11:30;32960;31903,26
11/06/2015 11:40;33111;31872,09
11/06/2015 11:50;33074;32077,328
11/06/2015 12:00;33207;31985,209
11/06/2015 12:10;33246;32141,578
11/06/2015 12:20;33244;32127,908
11/06/2015 12:30;33277;32095,23
11/06/2015 12:40;33319;32116,145
11/06/2015 12:50;33401;32137,45
11/06/2015 13:00;33193;32221,816
11/06/2015 13:10;33236;31955,83
11/06/2015 13:20;33320;32061,7
11/06/2015 13:30;33532;32135,654
11/06/2015 13:40;33335;32372,734
11/06/2015 13:50;33116;32109,104
11/06/2015 14:00;32594;31890,404
11/06/2015 14:10;32297;31251,6
11/06/2015 14:20;32252;31000,361
11/06/2015 14:30;31882;31107,514
11/06/2015 14:40;31944;30752,69
11/06/2015 14:50;31748;30996,342
11/06/2015 15:00;31201;30759,469
11/06/2015 15:10;31395;30117,049
11/06/2015 15:20;31300;30435,31
11/06/2015 15:30;31281;30307,807
11/06/2015 15:40;31131;30329,912
11/06/2015 15:50;31242;30196,553
11/06/2015 16:00;30973;30371,537
11/06/2015 16:10;31230;30075,246
11/06/2015 16:20;31416;30441,082
11/06/2015 16:30;31265;30674,13
11/06/2015 16:40;31230;30510,275
11/06/2015 16:50;31227;30496,07
11/06/2015 17:00;31181;30494,736
11/06/2015 17:10;31344;30448,61
11/06/2015 17:20;31360;30674,135
11/06/2015 17:30;31288;30696,658
11/06/2015 17:40;31382;30618,777
11/06/2015 17:50;31431;30732,242
11/06/2015 18:00;31013;30766,178
11/06/2015 18:10;31155;30250,787
11/06/2015 18:20;30963;30468,72
11/06/2015 18:30;31015;30240,773
11/06/2015 18:40;31101;30351,182
11/06/2015 18:50;31013;30477,195
11/06/2015 19:00;30725;30360
11/06/2015 19:10;30597;30013,955
11/06/2015 19:20;30568;29875,111
11/06/2015 19:30;30357;29872,193
11/06/2015 19:40;30678;29662,96
11/06/2015 19:50;30504;30107,068
11/06/2015 20:00;30342;29900,08
11/06/2015 20:10;30650;29711,146
11/06/2015 20:20;30453;30075,799
11/06/2015 20:30;30324;29823,988
11/06/2015 20:40;30617;29675,785
11/06/2015 20:50;30432;30046,83
11/06/2015 21:00;30337;29827,072
11/06/2015 21:10;30642;29734,969
11/06/2015 21:20;30601;30120,041
11/06/2015 21:30;30548;30057,023
11/06/2015 21:40;30879;29990,375
11/06/2015 21:50;31175;30368,697
11/06/2015 22:00;30770;30666,893
11/06/2015 22:10;30403;30165,674
11/06/2015 22:20;30378;29708,637
11/06/2015 22:30;30063;29716,297
11/06/2015 22:40;29534;29416,34
11/06/2015 22:50;29279;28920,166
11/06/2015 23:00;28757;28793,717
11/06/2015 23:10;28299;28309,402
11/06/2015 23:20;27827;27864,678
11/06/2015 23:30;27497;27406,145
11/06/2015 23:40;27222;27088,705
11/06/2015 23:50;27001;26823,516
12/06/2015 0:00;26531;26589,133
12/06/2015 0:10;26555;26077,717
12/06/2015 0:20;26326;26055,822
12/06/2015 0:30;25988;25860,914
12/06/2015 0:40;25664;25490,941
12/06/2015 0:50;25453;25134,504
12/06/2015 1:00;25026;24941,59
12/06/2015 1:10;24891;24579,85
12/06/2015 1:20;24556;24474,92
12/06/2015 1:30;24368;24223,256
12/06/2015 1:40;23972;24039,77
12/06/2015 1:50;24064;23668,242
12/06/2015 2:00;23755;23707,709
12/06/2015 2:10;23825;23463,777
12/06/2015 2:20;23643;23454,389
12/06/2015 2:30;23305;23287,688
12/06/2015 2:40;23385;22916,957
12/06/2015 2:50;23232;22927,807
12/06/2015 3:00;23172;22860,746
12/06/2015 3:10;23021;22814,89
12/06/2015 3:20;23083;22691,371
12/06/2015 3:30;22729;22739,975
12/06/2015 3:40;22883;22455,453
12/06/2015 3:50;22817;22534,771
12/06/2015 4:00;22949;22548,28
12/06/2015 4:10;22678;22671,234
12/06/2015 4:20;22723;22447,635
12/06/2015 4:30;22745;22407,916
12/06/2015 4:40;22840;22450,053
12/06/2015 4:50;22833;22563,791
12/06/2015 5:00;22847;22583,488
12/06/2015 5:10;23000;22580,217
12/06/2015 5:20;22888;22707,48
12/06/2015 5:30;22776;22630,24
12/06/2015 5:40;23066;22486,9
12/06/2015 5:50;23297;22730,357
12/06/2015 6:00;23746;23030,97
12/06/2015 6:10;24063;23486,822
12/06/2015 6:20;24524;23838,018
12/06/2015 6:30;24848;24285,945
12/06/2015 6:40;24763;24645,03
12/06/2015 6:50;24912;24573,908
12/06/2015 7:00;25180;24643,994
12/06/2015 7:10;26100;24955,576
12/06/2015 7:20;26346;25989,627
12/06/2015 7:30;27183;26400,541
12/06/2015 7:40;27677;27234,436
12/06/2015 7:50;27967;27809,059
12/06/2015 8:00;28037;28122,078
12/06/2015 8:10;28934;28143,494
12/06/2015 8:20;28960;29047,729
12/06/2015 8:30;29566;29082,031
12/06/2015 8:40;29601;29673,496
12/06/2015 8:50;29769;29641,385
12/06/2015 9:00;29903;29722,643
12/06/2015 9:10;30382;29789,975
12/06/2015 9:20;30573;30251,412
12/06/2015 9:30;30884;30355,799
12/06/2015 9:40;30949;30594,557
12/06/2015 9:50;30862;30544,355
12/06/2015 10:00;31015;30331,54
12/06/2015 10:10;31232;30446,152
12/06/2015 10:20;31543;30653,096
12/06/2015 10:30;31644;30972,709
12/06/2015 10:40;31754;31026,707
12/06/2015 10:50;31794;31095,787
12/06/2015 11:00;31961;31066,027
12/06/2015 11:10;31943;31196,33
12/06/2015 11:20;31826;31109,29
12/06/2015 11:30;32374;30951,473
12/06/2015 11:40;32283;31623,723
12/06/2015 11:50;32332;31406,996
12/06/2015 12:00;32184;31481,9
12/06/2015 12:10;32497;31263,79
12/06/2015 12:20;32477;31618,646
12/06/2015 12:30;32689;31517,49
12/06/2015 12:40;32963;31774,867
12/06/2015 12:50;32897;32042,479
12/06/2015 13:00;32730;31901,672
12/06/2015 13:10;32540;31700,895
12/06/2015 13:20;32915;31452,166
12/06/2015 13:30;32877;31932,19
12/06/2015 13:40;32825;31811,844
12/06/2015 13:50;32588;31801,18
12/06/2015 14:00;31955;31522,666
12/06/2015 14:10;31966;30748,094
12/06/2015 14:20;32027;30920,229
12/06/2015 14:30;31376;31048,943
12/06/2015 14:40;31359;30296,867
12/06/2015 14:50;31010;30462,91
12/06/2015 15:00;30789;30068,957
12/06/2015 15:10;30867;29868,953
12/06/2015 15:20;30882;30037,541
12/06/2015 15:30;30731;30066,713
12/06/2015 15:40;30581;29902,188
12/06/2015 15:50;30502;29743,951
12/06/2015 16:00;30571;29674,97
12/06/2015 16:10;30638;29798,834
12/06/2015 16:20;30548;29923,584
12/06/2015 16:30;30503;29856,816
12/06/2015 16:40;30561;29836,592
12/06/2015 16:50;30557;29928,988
12/06/2015 17:00;30336;29940,746
12/06/2015 17:10;30702;29697,924
12/06/2015 17:20;30532;30161,678
12/06/2015 17:30;30618;29959,355
12/06/2015 17:40;30559;30069,367
12/06/2015 17:50;30607;29997,902
12/06/2015 18:00;30374;30049,607
12/06/2015 18:10;30261;29774,35
12/06/2015 18:20;30171;29662,576
12/06/2015 18:30;30206;29599,324
12/06/2015 18:40;30204;29685,768
12/06/2015 18:50;30141;29708,021
12/06/2015 19:00;29833;29635,139
12/06/2015 19:10;29926;29265,83
12/06/2015 19:20;29766;29382,906
12/06/2015 19:30;29628;29213,984
12/06/2015 19:40;30052;29078,438
12/06/2015 19:50;29806;29610,232
12/06/2015 20:00;29548;29327,74
12/06/2015 20:10;29414;29011,668
12/06/2015 20:20;29683;28862,195
12/06/2015 20:30;29399;29214,467
12/06/2015 20:40;29515;28920,506
12/06/2015 20:50;29566;29070,852
12/06/2015 21:00;29282;29149,498
12/06/2015 21:10;29240;28815,088
12/06/2015 21:20;29354;28762,535
12/06/2015 21:30;29075;28921,633
12/06/2015 21:40;29775;28624,205
12/06/2015 21:50;29964;29437,988
12/06/2015 22:00;29847;29651,564
12/06/2015 22:10;29821;29488,814
12/06/2015 22:20;29443;29403,072
12/06/2015 22:30;28977;28914,521
12/06/2015 22:40;28903;28372,316
12/06/2015 22:50;28490;28456,34
12/06/2015 23:00;27928;28180,164
12/06/2015 23:10;27766;27669,297
12/06/2015 23:20;27415;27571,17
12/06/2015 23:30;27019;27219,293
12/06/2015 23:40;26834;26741,506
12/06/2015 23:50;26349;26486,795
13/06/2015 0:00;26041;25959,24
13/06/2015 0:10;26101;25594,307
13/06/2015 0:20;26087;25676,578
13/06/2015 0:30;25804;25719,344
13/06/2015 0:40;25640;25414,045
13/06/2015 0:50;25227;25163,342
13/06/2015 1:00;24957;24721,398
13/06/2015 1:10;24857;24430,902
13/06/2015 1:20;24261;24399,568
13/06/2015 1:30;24171;23919,01
13/06/2015 1:40;24101;23816,46
13/06/2015 1:50;23683;23831,836
13/06/2015 2:00;23424;23458,938
13/06/2015 2:10;23305;23119,316
13/06/2015 2:20;22983;22967,79
13/06/2015 2:30;23052;22683,96
13/06/2015 2:40;22644;22704,51
13/06/2015 2:50;22720;22382,41
13/06/2015 3:00;22699;22369,62
13/06/2015 3:10;22514;22394,93
13/06/2015 3:20;22648;22237,084
13/06/2015 3:30;22570;22307,25
13/06/2015 3:40;22081;22275,66
13/06/2015 3:50;22485;21826,127
13/06/2015 4:00;22054;22087,93
13/06/2015 4:10;22277;21876,484
13/06/2015 4:20;22174;22014,049
13/06/2015 4:30;22192;22006,621
13/06/2015 4:40;21932;22007,004
13/06/2015 4:50;21989;21775,71
13/06/2015 5:00;21574;21763,73
13/06/2015 5:10;21802;21451,484
13/06/2015 5:20;21838;21594,715
13/06/2015 5:30;21824;21736,258
13/06/2015 5:40;21877;21745,81
13/06/2015 5:50;21895;21751,744
13/06/2015 6:00;21805;21738,34
13/06/2015 6:10;21994;21634,441
13/06/2015 6:20;21909;21760,268
13/06/2015 6:30;21857;21738,479
13/06/2015 6:40;21737;21674,654
13/06/2015 6:50;21575;21564,734
13/06/2015 7:00;21560;21424,977
13/06/2015 7:10;21796;21420,893
13/06/2015 7:20;22017;21665,727
13/06/2015 7:30;22092;21920,094
13/06/2015 7:40;22384;21988,12
13/06/2015 7:50;22594;22175,137
13/06/2015 8:00;22823;22360,316
13/06/2015 8:10;23537;22563,611
13/06/2015 8:20;23649;23232,281
13/06/2015 8:30;23882;23493,95
13/06/2015 8:40;24365;23695,781
13/06/2015 8:50;24606;24160,912
13/06/2015 9:00;25192;24489,334
13/06/2015 9:10;25678;25100,672
13/06/2015 9:20;26027;25687,133
13/06/2015 9:30;26117;26104,438
13/06/2015 9:40;26583;26224,018
13/06/2015 9:50;26907;26695,281
13/06/2015 10:00;27219;27112,338
13/06/2015 10:10;27562;27475,854
13/06/2015 10:20;27658;27839,088
13/06/2015 10:30;28041;27919,512
13/06/2015 10:40;28181;28260,52
13/06/2015 10:50;28144;28367,62
13/06/2015 11:00;28133;28255,133
13/06/2015 11:10;28362;28183,473
13/06/2015 11:20;28595;28412,182
13/06/2015 11:30;28477;28647,943
13/06/2015 11:40;28478;28466,36
13/06/2015 11:50;28311;28387,797
13/06/2015 12:00;28458;28158,992
13/06/2015 12:10;28490;28292,105
13/06/2015 12:20;28584;28329,41
13/06/2015 12:30;28468;28404,982
13/06/2015 12:40;28514;28244,809
13/06/2015 12:50;28704;28249,988
13/06/2015 13:00;28372;28440,99
13/06/2015 13:10;28432;28062,39
13/06/2015 13:20;28500;28098,27
13/06/2015 13:30;28511;28206,521
13/06/2015 13:40;28588;28233,102
13/06/2015 13:50;28291;28313,877
13/06/2015 14:00;28233;27974,307
13/06/2015 14:10;27956;27883,85
13/06/2015 14:20;27542;27608,51
13/06/2015 14:30;27386;27190,74
13/06/2015 14:40;27430;27095,414
13/06/2015 14:50;27001;27236,791
13/06/2015 15:00;26647;26811,25
13/06/2015 15:10;26765;26373,568
13/06/2015 15:20;26487;26469,076
13/06/2015 15:30;26618;26207,715
13/06/2015 15:40;25911;26279,736
13/06/2015 15:50;26005;25555,203
13/06/2015 16:00;25870;25539,947
13/06/2015 16:10;25668;25495,678
13/06/2015 16:20;25755;25316,332
13/06/2015 16:30;25309;25392,822
13/06/2015 16:40;25481;24968,77
13/06/2015 16:50;25206;25056,61
13/06/2015 17:00;25157;24834,82
13/06/2015 17:10;25597;24738,857
13/06/2015 17:20;25599;25180,846
13/06/2015 17:30;25274;25251,197
13/06/2015 17:40;25369;24862,916
13/06/2015 17:50;25303;24847,047
13/06/2015 18:00;25267;24824,516
13/06/2015 18:10;25082;24824,076
13/06/2015 18:20;25288;24681,543
13/06/2015 18:30;25351;24902,465
13/06/2015 18:40;25520;25030,713
13/06/2015 18:50;25571;25187,611
13/06/2015 19:00;25292;25221,23
13/06/2015 19:10;25497;24899,863
13/06/2015 19:20;25588;25037,635
13/06/2015 19:30;25423;25205,2
13/06/2015 19:40;25676;25082,498
13/06/2015 19:50;25609;25326,455
13/06/2015 20:00;25715;25321,082
13/06/2015 20:10;25834;25410,865
13/06/2015 20:20;25549;25541,865
13/06/2015 20:30;25695;25264,473
13/06/2015 20:40;25506;25367,451
13/06/2015 20:50;25640;25245,734
13/06/2015 21:00;26053;25388,83
13/06/2015 21:10;26257;25850,238
13/06/2015 21:20;26530;26089,436
13/06/2015 21:30;26435;26322,842
13/06/2015 21:40;26669;26198,664
13/06/2015 21:50;27048;26376,004
13/06/2015 22:00;27033;26814,521
13/06/2015 22:10;27203;26870,49
13/06/2015 22:20;27120;27055,174
13/06/2015 22:30;26477;27010,764
13/06/2015 22:40;26326;26357,89
13/06/2015 22:50;26008;26248,441
13/06/2015 23:00;26076;26116,91
13/06/2015 23:10;25641;26280,512
13/06/2015 23:20;25506;25859,312
13/06/2015 23:30;25154;25568,816
13/06/2015 23:40;24642;25115,918
13/06/2015 23:50;24267;24496,01
14/06/2015 0:00;24279;24041,848
14/06/2015 0:10;24001;24039,809
14/06/2015 0:20;23988;23829,05
14/06/2015 0:30;23623;23729,6
14/06/2015 0:40;23209;23337,09
14/06/2015 0:50;22833;22829,428
14/06/2015 1:00;22672;22409,775
14/06/2015 1:10;22470;22272,896
14/06/2015 1:20;22247;22174,953
14/06/2015 1:30;21904;22007,082
14/06/2015 1:40;22017;21690,053
14/06/2015 1:50;21576;21714,877
14/06/2015 2:00;21638;21388,424
14/06/2015 2:10;21319;21330,072
14/06/2015 2:20;21300;21096,16
14/06/2015 2:30;21287;21029,146
14/06/2015 2:40;20813;21051,059
14/06/2015 2:50;20953;20700,168
14/06/2015 3:00;21004;20727,035
14/06/2015 3:10;20749;20864,764
14/06/2015 3:20;20589;20717,256
14/06/2015 3:30;20313;20529,785
14/06/2015 3:40;20332;20294,121
14/06/2015 3:50;20395;20304,209
14/06/2015 4:00;20330;20438,94
14/06/2015 4:10;20141;20449,578
14/06/2015 4:20;20260;20279,645
14/06/2015 4:30;19991;20301,762
14/06/2015 4:40;20245;20124,959
14/06/2015 4:50;20162;20261,066
14/06/2015 5:00;19675;20275,816
14/06/2015 5:10;20080;19888,467
14/06/2015 5:20;20066;20075,209
14/06/2015 5:30;20127;20213,592
14/06/2015 5:40;20076;20280,379
14/06/2015 5:50;19935;20223,854
14/06/2015 6:00;19961;20066,133
14/06/2015 6:10;20263;20036,508
14/06/2015 6:20;20069;20295,314
14/06/2015 6:30;19633;20243,932
14/06/2015 6:40;19447;19852,07
14/06/2015 6:50;19313;19606,842
14/06/2015 7:00;19323;19552,74
14/06/2015 7:10;19423;19655,64
14/06/2015 7:20;19242;19804,77
14/06/2015 7:30;19357;19691,709
14/06/2015 7:40;19313;19660,87
14/06/2015 7:50;19917;19583,396
14/06/2015 8:00;20018;19953,145
14/06/2015 8:10;20226;20129,914
14/06/2015 8:20;20284;20241,805
14/06/2015 8:30;20341;20256,115
14/06/2015 8:40;20530;20266,357
14/06/2015 8:50;20966;20423,424
14/06/2015 9:00;21194;20852,861
14/06/2015 9:10;21460;21182,527
14/06/2015 9:20;21870;21448,396
14/06/2015 9:30;22057;21816,748
14/06/2015 9:40;22287;22039,578
14/06/2015 9:50;22739;22239,863
14/06/2015 10:00;22643;22655,303
14/06/2015 10:10;23332;22665,201
14/06/2015 10:20;23332;23233,287
14/06/2015 10:30;23323;23390,674
14/06/2015 10:40;23952;23363,586
14/06/2015 10:50;23829;23919,45
14/06/2015 11:00;24133;23956,223
14/06/2015 11:10;24380;24194,578
14/06/2015 11:20;24351;24473,178
14/06/2015 11:30;24763;24484,885
14/06/2015 11:40;24597;24843,932
14/06/2015 11:50;24744;24759,662
14/06/2015 12:00;24723;24852,936
14/06/2015 12:10;24612;24873,096
14/06/2015 12:20;24764;24786,54
14/06/2015 12:30;24904;24928,082
14/06/2015 12:40;25185;25086,094
14/06/2015 12:50;25048;25318,379
14/06/2015 13:00;24847;25146,97
14/06/2015 13:10;24964;24835,857
14/06/2015 13:20;25129;24875,195
14/06/2015 13:30;25164;25077,824
14/06/2015 13:40;25276;25144,297
14/06/2015 13:50;25585;25222,273
14/06/2015 14:00;25349;25491,738
14/06/2015 14:10;25347;25266,514
14/06/2015 14:20;25479;25172,273
14/06/2015 14:30;24757;25310,822
14/06/2015 14:40;25046;24677,352
14/06/2015 14:50;24765;24906,611
14/06/2015 15:00;24335;24807,797
14/06/2015 15:10;24206;24393,705
14/06/2015 15:20;24137;24212,18
14/06/2015 15:30;23671;24139,64
14/06/2015 15:40;23578;23675,803
14/06/2015 15:50;23645;23441,844
14/06/2015 16:00;23224;23444,965
14/06/2015 16:10;23735;23037,838
14/06/2015 16:20;23369;23325,861
14/06/2015 16:30;22990;23058,389
14/06/2015 16:40;23044;22562,383
14/06/2015 16:50;23119;22500,115
14/06/2015 17:00;22979;22648,84
14/06/2015 17:10;22927;22598,71
14/06/2015 17:20;23164;22529,914
14/06/2015 17:30;22986;22729,418
14/06/2015 17:40;22873;22620,758
14/06/2015 17:50;23042;22454,941
14/06/2015 18:00;23072;22579,326
14/06/2015 18:10;23133;22675,057
14/06/2015 18:20;23366;22750,55
14/06/2015 18:30;23099;22971,994
14/06/2015 18:40;23287;22770,273
14/06/2015 18:50;23281;22862,832
14/06/2015 19:00;23307;22916,709
14/06/2015 19:10;23426;22962,162
14/06/2015 19:20;23374;23090,24
14/06/2015 19:30;23633;23074,629
14/06/2015 19:40;23578;23295,104
14/06/2015 19:50;23526;23291,803
14/06/2015 20:00;23761;23209,56
14/06/2015 20:10;23868;23405,541
14/06/2015 20:20;24170;23564,37
14/06/2015 20:30;24339;23860,041
14/06/2015 20:40;24592;24055,787
14/06/2015 20:50;24556;24292,564
14/06/2015 21:00;24831;24274,693
14/06/2015 21:10;25113;24512,271
14/06/2015 21:20;25467;24855,719
14/06/2015 21:30;25538;25271,53
14/06/2015 21:40;26100;25400,488
14/06/2015 21:50;26499;25954,133
14/06/2015 22:00;26995;26440,2
14/06/2015 22:10;27256;26981,648
14/06/2015 22:20;27177;27288,785
14/06/2015 22:30;27075;27201,262
14/06/2015 22:40;26840;27064,312
14/06/2015 22:50;26057;26882,3
14/06/2015 23:00;26060;26225,018
14/06/2015 23:10;26024;26443,416
14/06/2015 23:20;25541;26621,564
14/06/2015 23:30;25087;26093,498
14/06/2015 23:40;24593;25425,287
14/06/2015 23:50;24582;24750,033
15/06/2015 0:00;24071;24566,338
15/06/2015 0:10;24080;24042,496
15/06/2015 0:20;23942;23873,41
15/06/2015 0:30;23459;23691,744
15/06/2015 0:40;23152;23163,12
15/06/2015 0:50;23037;22733,965
15/06/2015 1:00;22686;22588,98
15/06/2015 1:10;22447;22325,072
15/06/2015 1:20;22429;22093,49
15/06/2015 1:30;21956;22069,414
15/06/2015 1:40;21990;21698,816
